# Title: Install Community Site and Templates,,,,,,,,,,,,,,,,,,,,,,,,,,,,,,,,,,,,,,,,,,,,,,,,,,,,,,,,,,,,,,,,,,,,,,,
"# Description: This option first creates a Community Site template, then creates the We.Retail Community Site ouf the template, then publishes the We.Retail Community Site",,,,,,,,,,,,,,,,,,,,,,,,,,,,,,,,,,,,,,,,,,,,,,,,,,,,,,,,,,,,,,,,,,,,,,,
# Configuring the AEM Communities Publish Tunnel,,,,,,,,,,,,,,,,,,,,,,,,,,,,,,,,,,,,,,,,,,,,,,,,,,,,,,,,,,,,,,,,,,,,,,,
SlingPost,/system/console/configMgr/com.adobe.cq.social.user.impl.transport.HttpToPublisher,apply,TRUE,action,ajaxConfigManager,$location,,enable,TRUE,enable,FALSE,agent.configuration,/etc/replication/agents.author/publish,disabled.cipher.suites,,enabled.cipher.suites,,propertylist,"enable,agent.configuration,disabled.cipher.suites,enabled.cipher.suites",,,,,,,,,,,,,,,,,,,,,,,,,,,,,,,,,,,,,,,,,,,,,,,,,,,,
# Getting rid of the redirect static pages,,,,,,,,,,,,,,,,,,,,,,,,,,,,,,,,,,,,,,,,,,,,,,,,,,,,,,,,,,,,,,,,,,,,,,,
SlingDelete,/content/we-retail/community,,,,,,,,,,,,,,,,,,,,,,,,,,,,,,,,,,,,,,,,,,,,,,,,,,,,,,,,,,,,,,,,,,,,,,
# Configuring the Social Login cloud services,,,,,,,,,,,,,,,,,,,,,,,,,,,,,,,,,,,,,,,,,,,,,,,,,,,,,,,,,,,,,,,,,,,,,,,
SlingPost,/bin/wcmcommand,cmd,createPage,parentPath,/etc/cloudservices/facebookconnect,title,We.Retail Facebook Social Login,label,weretailfacebook,template,/libs/social/connect/templates/facebookconnect,,,,,,,,,,,,,,,,,,,,,,,,,,,,,,,,,,,,,,,,,,,,,,,,,,,,,,,,,,,,
SlingPost,/etc/cloudservices/facebookconnect/weretailfacebook/jcr:content,oauth.client.id,800016463473935,oauth.client.secret,dfa9f5e1371bf69a9eea7bbd7a42f4aa,oauth.create.users,TRUE,oauth.create.users.groups,,oauth.encode.userids,FALSE,oauth.config.provider.id,soco-facebook,oauth.scope,email,oauth.callBackUrl,/libs/social/content/oauth.callback.html,urlParams,,,,,,,,,,,,,,,,,,,,,,,,,,,,,,,,,,,,,,,,,,,,,,,,,,,,,
Activate,/etc/cloudservices/facebookconnect/weretailfacebook,,,,,,,,,,,,,,,,,,,,,,,,,,,,,,,,,,,,,,,,,,,,,,,,,,,,,,,,,,,,,,,,,,,,,,
SlingPost,/bin/wcmcommand,cmd,createPage,parentPath,/etc/cloudservices/twitterconnect,title,We.Retail Twitter Social Login,label,weretailtwitter,template,/libs/social/connect/templates/twitterconnect,,,,,,,,,,,,,,,,,,,,,,,,,,,,,,,,,,,,,,,,,,,,,,,,,,,,,,,,,,,,
SlingPost,/etc/cloudservices/twitterconnect/weretailtwitter/jcr:content,oauth.client.id,285vLjx5UqtYKhu5hPIdaViVg,oauth.client.secret,rWRJtjLmpbr0B85Yaseeoi5tYRfQagfLdB4QZm1koQlEuCu5Xk,oauth.create.users,TRUE,oauth.create.users.groups,,oauth.encode.userids,FALSE,oauth.config.provider.id,soco-twitter,oauth.scope,,oauth.callBackUrl,/libs/social/content/oauth.callback.html,urlParams,,,,,,,,,,,,,,,,,,,,,,,,,,,,,,,,,,,,,,,,,,,,,,,,,,,,,
Activate,/etc/cloudservices/twitterconnect/weretailtwitter,,,,,,,,,,,,,,,,,,,,,,,,,,,,,,,,,,,,,,,,,,,,,,,,,,,,,,,,,,,,,,,,,,,,,,
# The following lines are creating the required Community Group templates (6.2 FP1 then 6.1/6.2 if not possible because of support for subgroups),,,,,,,,,,,,,,,,,,,,,,,,,,,,,,,,,,,,,,,,,,,,,,,,,,,,,,,,,,,,,,,,,,,,,,,
GroupTemplate,/content.social.json,templateName,Demo Group,description,This group template is used for the Communities demonstration sites ,enabled,on,functions,"{""functions"":[{""title"":""Forum"",""url"":""forum"",""configuration"":[{""id"":""cq:privilegedMembers"",""value"":[]},{""id"":""allowPrivilegedMembers"",""value"":""false""},{""id"":""allowNestedReplies"",""value"":""true""},{""id"":""allowPinning"",""value"":""true""},{""id"":""allowAttachments"",""value"":""true""}],""function"":""/etc/community/templates/functions/reference/forum""},{""title"":""Blog"",""url"":""blog"",""configuration"":[{""id"":""cq:privilegedMembers"",""value"":[]},{""id"":""allowPrivilegedMembers"",""value"":""false""},{""id"":""allowNestedReplies"",""value"":""true""},{""id"":""allowAttachments"",""value"":""true""}],""function"":""/etc/community/templates/functions/reference/blog""},{""title"":""Files"",""url"":""files"",""configuration"":[],""function"":""/etc/community/templates/functions/reference/filelibrary""},{""title"":""Calendar"",""url"":""calendar"",""configuration"":[{""id"":""cq:privilegedMembers"",""value"":[]},{""id"":""allowPrivilegedMembers"",""value"":""false""},{""id"":""allowNestedReplies"",""value"":""true""},{""id"":""allowPinning"",""value"":""true""},{""id"":""allowAttachments"",""value"":""true""}],""function"":""/etc/community/templates/functions/reference/calendar""},{""title"":""Activities"",""url"":""activities"",""configuration"":[{""id"":""allowMyActivities"",""value"":""true""},{""id"":""allowAllActivities"",""value"":""true""},{""id"":""allowNewsFeed"",""value"":""true""}],""function"":""/etc/community/templates/functions/reference/activitystream""},{""function"":""/etc/community/templates/functions/reference/groups"",""title"":""Groups"",""url"":""groups"",""configuration"":[{""id"":""groupTemplates"",""value"":[""/etc/community/templates/groups/custom/demo_group""]},{""id"":""allowPublishCreation"",""value"":true}]}]} ",,,,,,,,,,,,,,,,,,,,,,,,,,,,,,,,,,,,,,,,,,,,,,,,,,,,,,,,,,,,,,
GroupTemplate,/content.social.json,templateName,Demo Group,description,This group template is used for the Communities demonstration sites ,enabled,on,functions,"{""functions"":[{""title"":""Forum"",""url"":""forum"",""configuration"":[{""id"":""cq:privilegedMembers"",""value"":[]},{""id"":""allowPrivilegedMembers"",""value"":""false""},{""id"":""allowNestedReplies"",""value"":""true""},{""id"":""allowPinning"",""value"":""true""},{""id"":""allowAttachments"",""value"":""true""}],""function"":""/etc/community/templates/functions/reference/forum""},{""title"":""Blog"",""url"":""blog"",""configuration"":[{""id"":""cq:privilegedMembers"",""value"":[]},{""id"":""allowPrivilegedMembers"",""value"":""false""},{""id"":""allowNestedReplies"",""value"":""true""},{""id"":""allowAttachments"",""value"":""true""}],""function"":""/etc/community/templates/functions/reference/blog""},{""title"":""Files"",""url"":""files"",""configuration"":[],""function"":""/etc/community/templates/functions/reference/filelibrary""},{""title"":""Calendar"",""url"":""calendar"",""configuration"":[{""id"":""cq:privilegedMembers"",""value"":[]},{""id"":""allowPrivilegedMembers"",""value"":""false""},{""id"":""allowNestedReplies"",""value"":""true""},{""id"":""allowPinning"",""value"":""true""},{""id"":""allowAttachments"",""value"":""true""}],""function"":""/etc/community/templates/functions/reference/calendar""},{""title"":""Activities"",""url"":""activities"",""configuration"":[{""id"":""allowMyActivities"",""value"":""true""},{""id"":""allowAllActivities"",""value"":""true""},{""id"":""allowNewsFeed"",""value"":""true""}],""function"":""/etc/community/templates/functions/reference/activitystream""}]} ",,,,,,,,,,,,,,,,,,,,,,,,,,,,,,,,,,,,,,,,,,,,,,,,,,,,,,,,,,,,,,
GroupTemplate,/content.social.json,templateName,Demo Group,description,This group template is used for the Communities demonstration sites ,enabled,on,functions,"{""functions"":[{""function"":""/etc/community/templates/functions/reference/forum"",""title"":""Forum"",""url"":""forum"",""configuration"":[{""id"":""allowAttachments"",""value"":true},{""id"":""allowNestedReplies"",""value"":true}]},{""function"":""/etc/community/templates/functions/reference/filelibrary"",""title"":""Files"",""url"":""files"",""configuration"":[]},{""function"":""/etc/community/templates/functions/reference/activitystream"",""title"":""Activities"",""url"":""activities"",""configuration"":[{""id"":""allowMyActivities"",""value"":true},{""id"":""allowAllActivities"",""value"":true},{""id"":""allowNewsFeed"",""value"":true}]}]} ",,,,,,,,,,,,,,,,,,,,,,,,,,,,,,,,,,,,,,,,,,,,,,,,,,,,,,,,,,,,,,
# Creating the Commmunity site template for We.Retail,,,,,,,,,,,,,,,,,,,,,,,,,,,,,,,,,,,,,,,,,,,,,,,,,,,,,,,,,,,,,,,,,,,,,,,
SiteTemplate,/content.social.json,templateName,WeRetail Template,description,We.Retail demo community site template,enabled,on,functions,"{""functions"":[{""title"":""Activities"",""url"":""activities"",""configuration"":[{""id"":""allowMyActivities"",""value"":""true""},{""id"":""allowNewsFeed"",""value"":""true""},{""id"":""allowAllActivities"",""value"":""true""}],""function"":""/etc/community/templates/functions/reference/activitystream""},{""title"":""Trending"",""url"":""trending"",""configuration"":[],""function"":""/etc/community/templates/functions/reference/page""},{""title"":""Forum"",""url"":""forum"",""configuration"":[{""id"":""allowNestedReplies"",""value"":""true""},{""id"":""allowAttachments"",""value"":""true""}],""function"":""/etc/community/templates/functions/reference/forum""},{""title"":""Files"",""url"":""files"",""configuration"":[],""function"":""/etc/community/templates/functions/reference/filelibrary""},{""title"":""Catalog"",""url"":""catalog"",""configuration"":[{""id"":""tagNamespaces"",""value"":[""/etc/tags/geometrixx-outdoors""]}],""function"":""/etc/community/templates/functions/reference/catalog""},{""title"":""Assignments"",""url"":""assignments"",""configuration"":[],""function"":""/etc/community/templates/functions/reference/assignments""},{""function"":""/etc/community/templates/functions/reference/blog"",""title"":""Blog"",""url"":""blog"",""configuration"":[{""id"":""allowAttachments"",""value"":true},{""id"":""allowNestedReplies"",""value"":true}]},{""function"":""/etc/community/templates/functions/reference/qna"",""title"":""Questions"",""url"":""questions"",""configuration"":[{""id"":""allowAttachments"",""value"":true},{""id"":""allowNestedReplies"",""value"":true}]},{""function"":""/etc/community/templates/functions/reference/calendar"",""title"":""Calendar"",""url"":""calendar"",""configuration"":[{""id"":""allowTagging"",""value"":true}]},{""title"":""Groups"",""url"":""groups"",""configuration"":[{""id"":""groupTemplates"",""value"":[""/etc/community/templates/groups/custom/demo_group"",""/etc/community/templates/groups/reference/reference-group-forum-site"",""/etc/community/templates/groups/reference/reference-group-workspace-site""]}],""function"":""/etc/community/templates/functions/reference/groups""},{""title"":""Members"",""url"":""members"",""configuration"":[],""function"":""/etc/community/templates/functions/reference/page""},{""title"":""Social"",""url"":""social"",""configuration"":[],""function"":""/etc/community/templates/functions/reference/page""}]}",,,,,,,,,,,,,,,,,,,,,,,,,,,,,,,,,,,,,,,,,,,,,,,,,,,,,,,,,,,,,,
"# Creating the We.Retail Community site																																																																	",,,,,,,,,,,,,,,,,,,,,,,,,,,,,,,,,,,,,,,,,,,,,,,,,,,,,,,,,,,,,,,,,,,,,,,
Site,/content.social.json,name,Communities,jcr:description,We.Retail Community site,dns,community.weretail.com,urlName,community,siteRoot,/content/we-retail,blueprint,/etc/community/templates/sites/custom/weretail_template,pagecss,bootstrap.css,allowUserRegistration,TRUE,allowAnonymousAccess,TRUE,allowPrivateMessaging,TRUE,allowFacebook,TRUE,fbconnectoauthid,/etc/cloudservices/facebookconnect/weretailfacebook/jcr:content ,allowTwitter,TRUE,twitterconnectoauthid,/etc/cloudservices/twitterconnect/weretailtwitter/jcr:content ,moderators,/social/authors/aaron.mcdonald@mailinator.com,moderateContent,FALSE,tagNameSpaces,/etc/tags/we-retail,groupEnablementManagers,/social/authors/jason.werner@dodgit.com ,groupAdmin,/social/authors/aaron.mcdonald@mailinator.com,createGroupPermission,COMMUNITY_GROUP_ADMINISTRATORS ,baseLanguage,"en,fr,de,ja",allowMachineTranslation,TRUE,translationProviderConfig,/etc/cloudservices/msft-translation/msft_trial,availableLanguages,en,availableLanguages,fr,availableLanguages,de,availableLanguages,es,persistTranslation,TRANSLATE_ON_USER_REQUEST,translatePageOrSection,TRANSLATE_SELECTION,commonStoreLanguage,en,translationProvider,microsoft,pagethumbnail,cardWeRetail.jpg,macOrgId,5584D36B545258440A4C98A7@AdobeOrg,enableAnalytics,TRUE,analyticsCloudConfigPath,/etc/cloudservices/sitecatalyst/demomachine/demomachine
# Updating the primary page template for we.Retail,,,,,,,,,,,,,,,,,,,,,,,,,,,,,,,,,,,,,,,,,,,,,,,,,,,,,,,,,,,,,,,,,,,,,,,
SlingPost,/content/we-retail/community/en/configuration,page-template,weretail,,,,,,,,,,,,,,,,,,,,,,,,,,,,,,,,,,,,,,,,,,,,,,,,,,,,,,,,,,,,,,,,,,,,
SlingPost,/content/we-retail/community/fr/configuration,page-template,weretail,,,,,,,,,,,,,,,,,,,,,,,,,,,,,,,,,,,,,,,,,,,,,,,,,,,,,,,,,,,,,,,,,,,,
SlingPost,/content/we-retail/community/ja/configuration,page-template,weretail,,,,,,,,,,,,,,,,,,,,,,,,,,,,,,,,,,,,,,,,,,,,,,,,,,,,,,,,,,,,,,,,,,,,
SlingPost,/content/we-retail/community/de/configuration,page-template,weretail,,,,,,,,,,,,,,,,,,,,,,,,,,,,,,,,,,,,,,,,,,,,,,,,,,,,,,,,,,,,,,,,,,,,
# Updating a few components with new settings,,,,,,,,,,,,,,,,,,,,,,,,,,,,,,,,,,,,,,,,,,,,,,,,,,,,,,,,,,,,,,,,,,,,,,,
QnA,/content/we-retail/community/en/questions/jcr:content/content/primary/qna.social.json,rteEnabled,TRUE,allowVoting,TRUE,allowRepliesToComments,TRUE,allowCloseComments,TRUE,allowDeleteComments,TRUE,allowDenyComments,TRUE,allowFlagComments,TRUE,flagModerateThreshold,1,flagViewThreshold,3,allowFileUploads,TRUE,allowMoves,TRUE,allowBadges,TRUE,showCrumbs,TRUE,filterBadgesByComponent,TRUE,sortBy@String[],lastModificationDate_dt|added|latestActivityDate_dt|views|posts|follows|likes,sortField,latestActivityDate_dt,timeSelector,total_tl,maxPerPage,5,allowPinning,TRUE,acceptFileTypes,".jpeg, .jpg, .gif, .png, .pdf, .ppt, .pptx, .doc, .docx, .avi, .mp4",moveSelectedAnswerToTop,FALSE,,,,,,,,,,,,,,,,,,,,,,,,,,,,
Forum,/content/we-retail/community/en/forum/jcr:content/content/primary/forum.social.json,rteEnabled,TRUE,allowVoting,TRUE,allowRepliesToComments,TRUE,allowCloseComments,TRUE,allowDeleteComments,TRUE,allowDenyComments,TRUE,allowFlagComments,TRUE,flagModerateThreshold,1,flagViewThreshold,3,allowFileUploads,TRUE,allowMoves,TRUE,allowBadges,TRUE,showCrumbs,TRUE,filterBadgesByComponent,TRUE,sortBy@String[],lastModificationDate_dt|added|latestActivityDate_dt|views|posts|follows|likes,sortField,latestActivityDate_dt,timeSelector,total_tl,maxPerPage,5,allowPinning,TRUE,acceptFileTypes,".jpeg, .jpg, .gif, .png, .pdf, .ppt, .pptx, .doc, .docx, .avi, .mp4",,,,,,,,,,,,,,,,,,,,,,,,,,,,,,
# The following line is adding the ck.plugin.codesnippet entry to the clientlibs for the codesnippet plugin to work on this specific forum instance,,,,,,,,,,,,,,,,,,,,,,,,,,,,,,,,,,,,,,,,,,,,,,,,,,,,,,,,,,,,,,,,,,,,,,,
SlingPost,/content/we-retail/community/en/forum/jcr:content/clientlibslist,scg:requiredClientLibs+,ck.plugin.codesnippet,,,,,,,,,,,,,,,,,,,,,,,,,,,,,,,,,,,,,,,,,,,,,,,,,,,,,,,,,,,,,,,,,,,,
# Setting the privileged member groups for the Blog and Calendar (this will also republish the site),,,,,,,,,,,,,,,,,,,,,,,,,,,,,,,,,,,,,,,,,,,,,,,,,,,,,,,,,,,,,,,,,,,,,,,
SiteUpdate,community,en,functions,"{""functions"":[{""title"":""Activities"",""url"":""activities"",""origUrl"":""activities"",""configuration"":[{""id"":""allowMyActivities"",""value"":""true""},{""id"":""allowAllActivities"",""value"":""true""},{""id"":""allowNewsFeed"",""value"":""true""}],""function"":""/etc/community/templates/functions/reference/activitystream""},{""title"":""Trending"",""url"":""trending"",""origUrl"":""trending"",""configuration"":[],""function"":""/etc/community/templates/functions/reference/page""},{""title"":""Forum"",""url"":""forum"",""origUrl"":""forum"",""configuration"":[{""id"":""allowNestedReplies"",""value"":""true""},{""id"":""allowAttachments"",""value"":""true""}],""function"":""/etc/community/templates/functions/reference/forum""},{""title"":""Files"",""url"":""files"",""origUrl"":""files"",""configuration"":[],""function"":""/etc/community/templates/functions/reference/filelibrary""},{""title"":""Catalog"",""url"":""catalog"",""origUrl"":""catalog"",""configuration"":[{""id"":""tagNamespaces"",""value"":[""/etc/tags/we-retail""]}],""function"":""/etc/community/templates/functions/reference/catalog""},{""title"":""Assignments"",""url"":""assignments"",""origUrl"":""assignments"",""configuration"":[],""function"":""/etc/community/templates/functions/reference/assignments""},{""title"":""Blog"",""url"":""blog"",""origUrl"":""blog"",""configuration"":[{""id"":""allowPrivilegedMembers"",""value"":true},{""id"":""allowAttachments"",""value"":true},{""id"":""allowNestedReplies"",""value"":true},{""id"":""cq:privilegedMembers"",""value"":[""/social/groups/weretail-privileged-members""]}],""function"":""/etc/community/templates/functions/reference/blog""},{""title"":""Questions"",""url"":""questions"",""origUrl"":""questions"",""configuration"":[{""id"":""allowNestedReplies"",""value"":""true""},{""id"":""allowAttachments"",""value"":""true""}],""function"":""/etc/community/templates/functions/reference/qna""},{""title"":""Calendar"",""url"":""calendar"",""origUrl"":""calendar"",""configuration"":[{""id"":""allowPrivilegedMembers"",""value"":true},{""id"":""allowAttachments"",""value"":true},{""id"":""allowNestedReplies"",""value"":true},{""id"":""cq:privilegedMembers"",""value"":[""/social/groups/weretail-privileged-members""]}],""function"":""/etc/community/templates/functions/reference/calendar""},{""title"":""Groups"",""url"":""groups"",""origUrl"":""groups"",""configuration"":[{""id"":""groupTemplates"",""value"":[""/etc/community/templates/groups/reference/reference-group-workspace-site"",""/etc/community/templates/groups/reference/reference-group-forum-site""]}],""function"":""/etc/community/templates/functions/reference/groups""},{""title"":""Members"",""url"":""members"",""origUrl"":""members"",""configuration"":[],""function"":""/etc/community/templates/functions/reference/page""},{""title"":""Social"",""url"":""social"",""origUrl"":""social"",""configuration"":[],""function"":""/etc/community/templates/functions/reference/page""}]} ",,,,,,,,,,,,,,,,,,,,,,,,,,,,,,,,,,,,,,,,,,,,,,,,,,,,,,,,,,,,,,,,,,,
SiteUpdate,community,fr,functions,"{""functions"":[{""title"":""Activities"",""url"":""activities"",""origUrl"":""activities"",""configuration"":[{""id"":""allowMyActivities"",""value"":""true""},{""id"":""allowAllActivities"",""value"":""true""},{""id"":""allowNewsFeed"",""value"":""true""}],""function"":""/etc/community/templates/functions/reference/activitystream""},{""title"":""Trending"",""url"":""trending"",""origUrl"":""trending"",""configuration"":[],""function"":""/etc/community/templates/functions/reference/page""},{""title"":""Forum"",""url"":""forum"",""origUrl"":""forum"",""configuration"":[{""id"":""allowNestedReplies"",""value"":""true""},{""id"":""allowAttachments"",""value"":""true""}],""function"":""/etc/community/templates/functions/reference/forum""},{""title"":""Files"",""url"":""files"",""origUrl"":""files"",""configuration"":[],""function"":""/etc/community/templates/functions/reference/filelibrary""},{""title"":""Catalog"",""url"":""catalog"",""origUrl"":""catalog"",""configuration"":[{""id"":""tagNamespaces"",""value"":[""/etc/tags/we-retail""]}],""function"":""/etc/community/templates/functions/reference/catalog""},{""title"":""Assignments"",""url"":""assignments"",""origUrl"":""assignments"",""configuration"":[],""function"":""/etc/community/templates/functions/reference/assignments""},{""title"":""Blog"",""url"":""blog"",""origUrl"":""blog"",""configuration"":[{""id"":""allowPrivilegedMembers"",""value"":true},{""id"":""allowAttachments"",""value"":true},{""id"":""allowNestedReplies"",""value"":true},{""id"":""cq:privilegedMembers"",""value"":[""/social/groups/weretail-privileged-members""]}],""function"":""/etc/community/templates/functions/reference/blog""},{""title"":""Questions"",""url"":""questions"",""origUrl"":""questions"",""configuration"":[{""id"":""allowNestedReplies"",""value"":""true""},{""id"":""allowAttachments"",""value"":""true""}],""function"":""/etc/community/templates/functions/reference/qna""},{""title"":""Calendar"",""url"":""calendar"",""origUrl"":""calendar"",""configuration"":[{""id"":""allowPrivilegedMembers"",""value"":true},{""id"":""allowAttachments"",""value"":true},{""id"":""allowNestedReplies"",""value"":true},{""id"":""cq:privilegedMembers"",""value"":[""/social/groups/weretail-privileged-members""]}],""function"":""/etc/community/templates/functions/reference/calendar""},{""title"":""Groups"",""url"":""groups"",""origUrl"":""groups"",""configuration"":[{""id"":""groupTemplates"",""value"":[""/etc/community/templates/groups/reference/reference-group-workspace-site"",""/etc/community/templates/groups/reference/reference-group-forum-site""]}],""function"":""/etc/community/templates/functions/reference/groups""},{""title"":""Members"",""url"":""members"",""origUrl"":""members"",""configuration"":[],""function"":""/etc/community/templates/functions/reference/page""},{""title"":""Social"",""url"":""social"",""origUrl"":""social"",""configuration"":[],""function"":""/etc/community/templates/functions/reference/page""}]} ",,,,,,,,,,,,,,,,,,,,,,,,,,,,,,,,,,,,,,,,,,,,,,,,,,,,,,,,,,,,,,,,,,,
SiteUpdate,community,ja,functions,"{""functions"":[{""title"":""Activities"",""url"":""activities"",""origUrl"":""activities"",""configuration"":[{""id"":""allowMyActivities"",""value"":""true""},{""id"":""allowAllActivities"",""value"":""true""},{""id"":""allowNewsFeed"",""value"":""true""}],""function"":""/etc/community/templates/functions/reference/activitystream""},{""title"":""Trending"",""url"":""trending"",""origUrl"":""trending"",""configuration"":[],""function"":""/etc/community/templates/functions/reference/page""},{""title"":""Forum"",""url"":""forum"",""origUrl"":""forum"",""configuration"":[{""id"":""allowNestedReplies"",""value"":""true""},{""id"":""allowAttachments"",""value"":""true""}],""function"":""/etc/community/templates/functions/reference/forum""},{""title"":""Files"",""url"":""files"",""origUrl"":""files"",""configuration"":[],""function"":""/etc/community/templates/functions/reference/filelibrary""},{""title"":""Catalog"",""url"":""catalog"",""origUrl"":""catalog"",""configuration"":[{""id"":""tagNamespaces"",""value"":[""/etc/tags/we-retail""]}],""function"":""/etc/community/templates/functions/reference/catalog""},{""title"":""Assignments"",""url"":""assignments"",""origUrl"":""assignments"",""configuration"":[],""function"":""/etc/community/templates/functions/reference/assignments""},{""title"":""Blog"",""url"":""blog"",""origUrl"":""blog"",""configuration"":[{""id"":""allowPrivilegedMembers"",""value"":true},{""id"":""allowAttachments"",""value"":true},{""id"":""allowNestedReplies"",""value"":true},{""id"":""cq:privilegedMembers"",""value"":[""/social/groups/weretail-privileged-members""]}],""function"":""/etc/community/templates/functions/reference/blog""},{""title"":""Questions"",""url"":""questions"",""origUrl"":""questions"",""configuration"":[{""id"":""allowNestedReplies"",""value"":""true""},{""id"":""allowAttachments"",""value"":""true""}],""function"":""/etc/community/templates/functions/reference/qna""},{""title"":""Calendar"",""url"":""calendar"",""origUrl"":""calendar"",""configuration"":[{""id"":""allowPrivilegedMembers"",""value"":true},{""id"":""allowAttachments"",""value"":true},{""id"":""allowNestedReplies"",""value"":true},{""id"":""cq:privilegedMembers"",""value"":[""/social/groups/weretail-privileged-members""]}],""function"":""/etc/community/templates/functions/reference/calendar""},{""title"":""Groups"",""url"":""groups"",""origUrl"":""groups"",""configuration"":[{""id"":""groupTemplates"",""value"":[""/etc/community/templates/groups/reference/reference-group-workspace-site"",""/etc/community/templates/groups/reference/reference-group-forum-site""]}],""function"":""/etc/community/templates/functions/reference/groups""},{""title"":""Members"",""url"":""members"",""origUrl"":""members"",""configuration"":[],""function"":""/etc/community/templates/functions/reference/page""},{""title"":""Social"",""url"":""social"",""origUrl"":""social"",""configuration"":[],""function"":""/etc/community/templates/functions/reference/page""}]} ",,,,,,,,,,,,,,,,,,,,,,,,,,,,,,,,,,,,,,,,,,,,,,,,,,,,,,,,,,,,,,,,,,,
SiteUpdate,community,de,functions,"{""functions"":[{""title"":""Activities"",""url"":""activities"",""origUrl"":""activities"",""configuration"":[{""id"":""allowMyActivities"",""value"":""true""},{""id"":""allowAllActivities"",""value"":""true""},{""id"":""allowNewsFeed"",""value"":""true""}],""function"":""/etc/community/templates/functions/reference/activitystream""},{""title"":""Trending"",""url"":""trending"",""origUrl"":""trending"",""configuration"":[],""function"":""/etc/community/templates/functions/reference/page""},{""title"":""Forum"",""url"":""forum"",""origUrl"":""forum"",""configuration"":[{""id"":""allowNestedReplies"",""value"":""true""},{""id"":""allowAttachments"",""value"":""true""}],""function"":""/etc/community/templates/functions/reference/forum""},{""title"":""Files"",""url"":""files"",""origUrl"":""files"",""configuration"":[],""function"":""/etc/community/templates/functions/reference/filelibrary""},{""title"":""Catalog"",""url"":""catalog"",""origUrl"":""catalog"",""configuration"":[{""id"":""tagNamespaces"",""value"":[""/etc/tags/we-retail""]}],""function"":""/etc/community/templates/functions/reference/catalog""},{""title"":""Assignments"",""url"":""assignments"",""origUrl"":""assignments"",""configuration"":[],""function"":""/etc/community/templates/functions/reference/assignments""},{""title"":""Blog"",""url"":""blog"",""origUrl"":""blog"",""configuration"":[{""id"":""allowPrivilegedMembers"",""value"":true},{""id"":""allowAttachments"",""value"":true},{""id"":""allowNestedReplies"",""value"":true},{""id"":""cq:privilegedMembers"",""value"":[""/social/groups/weretail-privileged-members""]}],""function"":""/etc/community/templates/functions/reference/blog""},{""title"":""Questions"",""url"":""questions"",""origUrl"":""questions"",""configuration"":[{""id"":""allowNestedReplies"",""value"":""true""},{""id"":""allowAttachments"",""value"":""true""}],""function"":""/etc/community/templates/functions/reference/qna""},{""title"":""Calendar"",""url"":""calendar"",""origUrl"":""calendar"",""configuration"":[{""id"":""allowPrivilegedMembers"",""value"":true},{""id"":""allowAttachments"",""value"":true},{""id"":""allowNestedReplies"",""value"":true},{""id"":""cq:privilegedMembers"",""value"":[""/social/groups/weretail-privileged-members""]}],""function"":""/etc/community/templates/functions/reference/calendar""},{""title"":""Groups"",""url"":""groups"",""origUrl"":""groups"",""configuration"":[{""id"":""groupTemplates"",""value"":[""/etc/community/templates/groups/reference/reference-group-workspace-site"",""/etc/community/templates/groups/reference/reference-group-forum-site""]}],""function"":""/etc/community/templates/functions/reference/groups""},{""title"":""Members"",""url"":""members"",""origUrl"":""members"",""configuration"":[],""function"":""/etc/community/templates/functions/reference/page""},{""title"":""Social"",""url"":""social"",""origUrl"":""social"",""configuration"":[],""function"":""/etc/community/templates/functions/reference/page""}]} ",,,,,,,,,,,,,,,,,,,,,,,,,,,,,,,,,,,,,,,,,,,,,,,,,,,,,,,,,,,,,,,,,,,
# ENGLISH SITE ONLY,,,,,,,,,,,,,,,,,,,,,,,,,,,,,,,,,,,,,,,,,,,,,,,,,,,,,,,,,,,,,,,,,,,,,,,
# The following lines are associated the cloud services,,,,,,,,,,,,,,,,,,,,,,,,,,,,,,,,,,,,,,,,,,,,,,,,,,,,,,,,,,,,,,,,,,,,,,,
SlingPost,/content/we-retail/community/en/jcr:content,cq:cloudserviceconfigs+,/etc/cloudservices/livefyre/DemoMachine,,,,,,,,,,,,,,,,,,,,,,,,,,,,,,,,,,,,,,,,,,,,,,,,,,,,,,,,,,,,,,,,,,,,
SlingPost,/content/we-retail/community/en/jcr:content,cq:cloudserviceconfigs+,/etc/cloudservices/facebookconnect/weretailfacebook,,,,,,,,,,,,,,,,,,,,,,,,,,,,,,,,,,,,,,,,,,,,,,,,,,,,,,,,,,,,,,,,,,,,
SlingPost,/content/we-retail/community/en/jcr:content,cq:cloudserviceconfigs+,/etc/cloudservices/twitterconnect/weretailtwitter,,,,,,,,,,,,,,,,,,,,,,,,,,,,,,,,,,,,,,,,,,,,,,,,,,,,,,,,,,,,,,,,,,,,
SlingPost,/content/we-retail/community/en/jcr:content,cq:cloudserviceconfigs+,/etc/cloudservices/brightedge/demo-brightedge,,,,,,,,,,,,,,,,,,,,,,,,,,,,,,,,,,,,,,,,,,,,,,,,,,,,,,,,,,,,,,,,,,,,
SlingPost,/content/we-retail/community/en/jcr:content,cq:cloudserviceconfigs+,/etc/cloudservices/testandtarget/demomachine/demomachine,,,,,,,,,,,,,,,,,,,,,,,,,,,,,,,,,,,,,,,,,,,,,,,,,,,,,,,,,,,,,,,,,,,,
SlingPost,/content/we-retail/community/en/jcr:content,cq:cloudserviceconfigs+,/etc/cloudservices/testandtarget/demomachine/de33momachine,,,,,,,,,,,,,,,,,,,,,,,,,,,,,,,,,,,,,,,,,,,,,,,,,,,,,,,,,,,,,,,,,,,,
"# The following lines are adding ""activity components"" to the trending page",,,,,,,,,,,,,,,,,,,,,,,,,,,,,`,,,,,,,,,,,,,,,,,,,,,,,,,,,,,,,,,,,,,,,,,,
SlingPost,/content/we-retail/community/en/trending/jcr:content/content/primary/trending1,activityType,views,displayCount,5,displayTitle,Top Visitors,sling:resourceType,social/reporting/analytics/components/hbs/communityactivitylist,timePeriod,total,type,members,contextPath,/content/we-retail/community/en,isAggregate,TRUE,,,,,,,,,,,,,,,,,,,,,,,,,,,,,,,,,,,,,,,,,,,,,,,,,,,,,,
SlingPost,/content/we-retail/community/en/trending/jcr:content/content/primary/trending1/cq:responsive/default,width,6,,,,,,,,,,,,,,,,,,,,,,,,,,,,,,,,,,,,,,,,,,,,,,,,,,,,,,,,,,,,,,,,,,,,
SlingPost,/content/we-retail/community/en/trending/jcr:content/content/primary/trending2,activityType,posts,displayCount,5,displayTitle,Top Contributors,sling:resourceType,social/reporting/analytics/components/hbs/communityactivitylist,timePeriod,total,type,members,contextPath,/content/we-retail/community/en,isAggregate,TRUE,,,,,,,,,,,,,,,,,,,,,,,,,,,,,,,,,,,,,,,,,,,,,,,,,,,,,,
SlingPost,/content/we-retail/community/en/trending/jcr:content/content/primary/trending2/cq:responsive/default,width,6,,,,,,,,,,,,,,,,,,,,,,,,,,,,,,,,,,,,,,,,,,,,,,,,,,,,,,,,,,,,,,,,,,,,
SlingPost,/content/we-retail/community/en/trending/jcr:content/content/primary/trending3,activityType,views,displayCount,5,displayTitle,Top Content,sling:resourceType,social/reporting/analytics/components/hbs/communityactivitylist,timePeriod,total,type,content,contextPath,/content/we-retail/community/en,,,,,,,,,,,,,,,,,,,,,,,,,,,,,,,,,,,,,,,,,,,,,,,,,,,,,,,,
SlingPost,/content/we-retail/community/en/trending/jcr:content/content/primary/trending3/cq:responsive/default,width,6,behavior,newline,,,,,,,,,,,,,,,,,,,,,,,,,,,,,,,,,,,,,,,,,,,,,,,,,,,,,,,,,,,,,,,,,,
SlingPost,/content/we-retail/community/en/trending/jcr:content/content/primary/trending4,activityType,posts,displayCount,5,displayTitle,Trending Content,sling:resourceType,social/reporting/analytics/components/hbs/communityactivitylist,timePeriod,total,type,content,contextPath,/content/we-retail/community/en,,,,,,,,,,,,,,,,,,,,,,,,,,,,,,,,,,,,,,,,,,,,,,,,,,,,,,,,
SlingPost,/content/we-retail/community/en/trending/jcr:content/content/primary/trending4/cq:responsive/default,width,6,,,,,,,,,,,,,,,,,,,,,,,,,,,,,,,,,,,,,,,,,,,,,,,,,,,,,,,,,,,,,,,,,,,,
"# The following lines are adding the ""leaderboard"" components to the members page",,,,,,,,,,,,,,,,,,,,,,,,,,,,,,,,,,,,,,,,,,,,,,,,,,,,,,,,,,,,,,,,,,,,,,,
SlingPost,/content/we-retail/community/en/members/jcr:content/content/primary/leaderboard1,sling:resourceType,social/gamification/components/hbs/leaderboard,ruleLocation,/content/we-retail/community/jcr:content,scoringRule,/etc/community/scoring/rules/forums-scoring,badgingRule,/etc/community/badging/rules/reference-badging,displayAvatar,TRUE,displayBadge,TRUE,displayBadgeName,TRUE,displayLimit,10,displayName,Participation Board,isSortable,TRUE,,,,,,,,,,,,,,,,,,,,,,,,,,,,,,,,,,,,,,,,,,,,,,,,,,
SlingPost,/content/we-retail/community/en/members/jcr:content/content/primary/leaderboard2,sling:resourceType,social/gamification/components/hbs/leaderboard,ruleLocation,/content/we-retail/community/jcr:content,scoringRule,/etc/community/scoring/rules/adv-forums-scoring,badgingRule,/etc/community/badging/rules/adv-forums-badging,displayAvatar,TRUE,displayBadge,TRUE,displayBadgeName,FALSE,displayLimit,10,displayName,Expertise Board,isSortable,TRUE,,,,,,,,,,,,,,,,,,,,,,,,,,,,,,,,,,,,,,,,,,,,,,,,,,
# Configuring Livefyre,,,,,,,,,,,,,,,,,,,,,,,,,,,,,,,,,,,,,,,,,,,,,,,,,,,,,,,,,,,,,,,,,,,,,,,
SlingPost,/etc/designs/social/console/jcr:content/basepage/content,components+,/libs/social/integrations/livefyre/components/mediawall,components+,/libs/social/integrations/livefyre/components/mosaic,components+,/libs/social/integrations/livefyre/components/carousel,components+,/libs/social/integrations/livefyre/components/map,,,,,,,,,,,,,,,,,,,,,,,,,,,,,,,,,,,,,,,,,,,,,,,,,,,,,,,,,,,,,,
SlingPost,/content/we-retail/community/en/social/jcr:content/content/primary/mediawall,sling:resourceType,social/integrations/livefyre/components/mediawall,jcr:created,2016-07-16T19:03:53.292-07:00,jcr:lastModified,2016-07-16T19:03:53.292-07:00,,,,,,,,,,,,,,,,,,,,,,,,,,,,,,,,,,,,,,,,,,,,,,,,,,,,,,,,,,,,,,,,
# FRENCH SITE ONLY,,,,,,,,,,,,,,,,,,,,,,,,,,,,,,,,,,,,,,,,,,,,,,,,,,,,,,,,,,,,,,,,,,,,,,,
"# The following lines are adding ""activity components"" to the trending page",,,,,,,,,,,,,,,,,,,,,,,,,,,,,`,,,,,,,,,,,,,,,,,,,,,,,,,,,,,,,,,,,,,,,,,,
SlingPost,/content/we-retail/community/fr/trending/jcr:content/content/primary/trending1,activityType,views,displayCount,5,displayTitle,Top Visitors,sling:resourceType,social/reporting/analytics/components/hbs/communityactivitylist,timePeriod,total,type,members,contextPath,/content/we-retail/community/en,isAggregate,TRUE,,,,,,,,,,,,,,,,,,,,,,,,,,,,,,,,,,,,,,,,,,,,,,,,,,,,,,
SlingPost,/content/we-retail/community/fr/trending/jcr:content/content/primary/trending1/cq:responsive/default,width,6,,,,,,,,,,,,,,,,,,,,,,,,,,,,,,,,,,,,,,,,,,,,,,,,,,,,,,,,,,,,,,,,,,,,
SlingPost,/content/we-retail/community/fr/trending/jcr:content/content/primary/trending2,activityType,posts,displayCount,5,displayTitle,Top Contributors,sling:resourceType,social/reporting/analytics/components/hbs/communityactivitylist,timePeriod,total,type,members,contextPath,/content/we-retail/community/en,isAggregate,TRUE,,,,,,,,,,,,,,,,,,,,,,,,,,,,,,,,,,,,,,,,,,,,,,,,,,,,,,
SlingPost,/content/we-retail/community/fr/trending/jcr:content/content/primary/trending2/cq:responsive/default,width,6,,,,,,,,,,,,,,,,,,,,,,,,,,,,,,,,,,,,,,,,,,,,,,,,,,,,,,,,,,,,,,,,,,,,
SlingPost,/content/we-retail/community/fr/trending/jcr:content/content/primary/trending3,activityType,views,displayCount,5,displayTitle,Top Content,sling:resourceType,social/reporting/analytics/components/hbs/communityactivitylist,timePeriod,total,type,content,contextPath,/content/we-retail/community/en,,,,,,,,,,,,,,,,,,,,,,,,,,,,,,,,,,,,,,,,,,,,,,,,,,,,,,,,
SlingPost,/content/we-retail/community/fr/trending/jcr:content/content/primary/trending3/cq:responsive/default,width,6,behavior,newline,,,,,,,,,,,,,,,,,,,,,,,,,,,,,,,,,,,,,,,,,,,,,,,,,,,,,,,,,,,,,,,,,,
SlingPost,/content/we-retail/community/fr/trending/jcr:content/content/primary/trending4,activityType,posts,displayCount,5,displayTitle,Trending Content,sling:resourceType,social/reporting/analytics/components/hbs/communityactivitylist,timePeriod,total,type,content,contextPath,/content/we-retail/community/en,,,,,,,,,,,,,,,,,,,,,,,,,,,,,,,,,,,,,,,,,,,,,,,,,,,,,,,,
SlingPost,/content/we-retail/community/fr/trending/jcr:content/content/primary/trending4/cq:responsive/default,width,6,,,,,,,,,,,,,,,,,,,,,,,,,,,,,,,,,,,,,,,,,,,,,,,,,,,,,,,,,,,,,,,,,,,,
"# The following lines are adding the ""leaderboard"" components to the members page",,,,,,,,,,,,,,,,,,,,,,,,,,,,,,,,,,,,,,,,,,,,,,,,,,,,,,,,,,,,,,,,,,,,,,,
SlingPost,/content/we-retail/community/fr/members/jcr:content/content/primary/leaderboard1,sling:resourceType,social/gamification/components/hbs/leaderboard,ruleLocation,/content/we-retail/community/jcr:content,scoringRule,/etc/community/scoring/rules/forums-scoring,badgingRule,/etc/community/badging/rules/reference-badging,displayAvatar,TRUE,displayBadge,TRUE,displayBadgeName,TRUE,displayLimit,10,displayName,Participation Board,isSortable,TRUE,,,,,,,,,,,,,,,,,,,,,,,,,,,,,,,,,,,,,,,,,,,,,,,,,,
SlingPost,/content/we-retail/community/fr/members/jcr:content/content/primary/leaderboard2,sling:resourceType,social/gamification/components/hbs/leaderboard,ruleLocation,/content/we-retail/community/jcr:content,scoringRule,/etc/community/scoring/rules/adv-forums-scoring,badgingRule,/etc/community/badging/rules/adv-forums-badging,displayAvatar,TRUE,displayBadge,TRUE,displayBadgeName,FALSE,displayLimit,10,displayName,Expertise Board,isSortable,TRUE,,,,,,,,,,,,,,,,,,,,,,,,,,,,,,,,,,,,,,,,,,,,,,,,,,
# Configuring Livefyre,,,,,,,,,,,,,,,,,,,,,,,,,,,,,,,,,,,,,,,,,,,,,,,,,,,,,,,,,,,,,,,,,,,,,,,
SlingPost,/content/we-retail/community/fr/social/jcr:content/content/primary/mediawall,sling:resourceType,social/integrations/livefyre/components/mediawall,jcr:created,2016-07-16T19:03:53.292-07:00,jcr:lastModified,2016-07-16T19:03:53.292-07:00,,,,,,,,,,,,,,,,,,,,,,,,,,,,,,,,,,,,,,,,,,,,,,,,,,,,,,,,,,,,,,,,
# Assigning a few role based badges,,,,,,,,,,,,,,,,,,,,,,,,,,,,,,,,,,,,,,,,,,,,,,,,,,,,,,,,,,,,,,,,,,,,,,,
BadgeAssign,/home/users,,,,,,,,,,,,,,,,,,,,,,,,,,,,,,,,,,,,,,,,,,,,,,,,,,,,,,,,,,,,,,,,,,,,,,
admin,0,aaron.mcdonald@mailinator.com,/etc/community/badging/images/moderator/jcr:content/moderator.png,,,,,,,,,,,,,,,,,,,,,,,,,,,,,,,,,,,,,,,,,,,,,,,,,,,,,,,,,,,,,,,,,,,,
admin,0,emily.andrews@mailinator.com,/etc/community/badging/images/privileged-member/jcr:content/privileged-member.png,,,,,,,,,,,,,,,,,,,,,,,,,,,,,,,,,,,,,,,,,,,,,,,,,,,,,,,,,,,,,,,,,,,,
# Updating the forum scoring rule to include the QNA post also,,,,,,,,,,,,,,,,,,,,,,,,,,,,,,,,,,,,,,,,,,,,,,,,,,,,,,,,,,,,,,,,,,,,,,,
Badge,/etc/community/scoring/rules/sub-rules/member-forum-create/jcr:content,topics@String[],com/adobe/cq/social/forum|com/adobe/cq/social/qna,,,,,,,,,,,,,,,,,,,,,,,,,,,,,,,,,,,,,,,,,,,,,,,,,,,,,,,,,,,,,,,,,,,,
Activate,/etc/community/scoring/rules,,,,,,,,,,,,,,,,,,,,,,,,,,,,,,,,,,,,,,,,,,,,,,,,,,,,,,,,,,,,,,,,,,,,,,
# Creating a new badging rule specifically for the Reference demo site,,,,,,,,,,,,,,,,,,,,,,,,,,,,,,,,,,,,,,,,,,,,,,,,,,,,,,,,,,,,,,,,,,,,,,,
Badge,/etc/community/badging/rules/reference-badging,jcr:primaryType,cq:Page,,,,,,,,,,,,,,,,,,,,,,,,,,,,,,,,,,,,,,,,,,,,,,,,,,,,,,,,,,,,,,,,,,,,
Badge,/etc/community/badging/rules/reference-badging/jcr:content,jcr:primaryType,cq:PageContent,scoringRules@String[],/etc/community/scoring/rules/forums-scoring,thresholds@String[],1|/etc/community/badging/images/bronze-badge/jcr:content/bronze.png~15|/etc/community/badging/images/silver-badge/jcr:content/silver.png~30|/etc/community/badging/images/gold-badge/jcr:content/gold.png,,,,,,,,,,,,,,,,,,,,,,,,,,,,,,,,,,,,,,,,,,,,,,,,,,,,,,,,,,,,,,,,
Activate,/etc/community/badging/rules,,,,,,,,,,,,,,,,,,,,,,,,,,,,,,,,,,,,,,,,,,,,,,,,,,,,,,,,,,,,,,,,,,,,,,
# Assigning the scoring and badging rules to the site,,,,,,,,,,,,,,,,,,,,,,,,,,,,,,,,,,,,,,,,,,,,,,,,,,,,,,,,,,,,,,,,,,,,,,,
Badge,/content/we-retail/community/jcr:content,scoringRules@String[],/etc/community/scoring/rules/forums-scoring|/etc/community/scoring/rules/adv-forums-scoring,badgingRules@String[],/etc/community/badging/rules/reference-badging|/etc/community/badging/rules/adv-forums-badging,,,,,,,,,,,,,,,,,,,,,,,,,,,,,,,,,,,,,,,,,,,,,,,,,,,,,,,,,,,,,,,,,,
# Republishing the site,,,,,,,,,,,,,,,,,,,,,,,,,,,,,,,,,,,,,,,,,,,,,,,,,,,,,,,,,,,,,,,,,,,,,,,
SitePublish,/content/we-retail/community/en,,,,,,,,,,,,,,,,,,,,,,,,,,,,,,,,,,,,,,,,,,,,,,,,,,,,,,,,,,,,,,,,,,,,,,
SitePublish,/content/we-retail/community/fr,,,,,,,,,,,,,,,,,,,,,,,,,,,,,,,,,,,,,,,,,,,,,,,,,,,,,,,,,,,,,,,,,,,,,,